,Timestamp,Source IP,Destination IP,Protocol,Payload
0,22:54:17,142.250.183.74,192.168.0.101,UDP,42629a35807fc520da280f6c37f648e72ea3b625533eb11c68392514e03e4502976c10724ca4fcb23ac085a5d5b0525bfc2fb036757b6a1a93ec9336d245e0e12948ba629f3045f29336ca2fa4ba590c76515f362f03bc70e6b3b48d21f9f86efb871a2f
1,22:54:17,192.168.0.101,142.250.183.74,UDP,4fe69cac8e69ed268571c7b7a8d4c0d35f82909dcd2bb56e02cced7f54628c
2,22:54:17,142.250.183.74,192.168.0.101,UDP,52dd0362f2a4fca15457326adae17f51f669e86933ee07f3
3,22:54:17,142.250.183.74,192.168.0.101,TCP,1703030045d73f76daf3527c36d87abda7fa73b21b6f06b04c37567d107bc573ad72b2f239fc642b710e9e6172dc080e8a3eddd208fc30b4f61e38154328a4d72cf3c463ce60602346d5
4,22:54:17,142.250.183.74,192.168.0.101,TCP,17030300469cfd460acf4d1033da561c7eda350ad930af6891b7b81607c0a1811e62e8b4a0392a65d756aacc60c86c53e4b9b1f487f1a0c3b89eefbc70a6eb8507319975e5101854bee951
5,22:54:17,142.250.183.74,192.168.0.101,TCP,170303001ac1f7ec8c43351e67807751876fb8c3d90778f934f685ea718c9c
6,22:54:17,142.250.183.74,192.168.0.101,TCP,170303002200c3e66477e266e3a922d6245e6e1d56ad6af9d212767b639581339532ede880bab3
7,22:54:17,192.168.0.101,142.250.183.74,TCP,<no payload>
8,22:54:17,192.168.0.101,142.250.183.74,TCP,1703030022ff19c6d8c770539be0be895a81f95ee29a26c909a25a6283d43537cf60e3a8566629
9,22:54:17,142.250.183.74,192.168.0.101,TCP,<no payload>
10,22:54:17,192.168.0.101,142.250.183.74,UDP,4ae69cac8e69ed26859705bd6206ef81959fc30f41b69e50db59cac6fd4769a87eb9a0a3f4ddcf4f254fead2e4466e779e17ce6ed501ae7ccabafc2877386b2997c8aedb9cdb1ac37ca7bc4052fb2d3549f53d1f5e380d04f8727e3a955a4f4ed44309d0
11,22:54:17,142.250.183.74,192.168.0.101,UDP,5db6648d857c6a737ebd835adda2b5f297afd084e05e528419fa3a30
12,22:54:17,192.168.0.101,142.250.183.74,UDP,4ce69cac8e69ed2685e99af098d9bff599276e560e9fe754474b99581371a86e
13,22:54:18,142.250.183.74,192.168.0.101,UDP,48fc64a095ac7ef6deb249f4740a1ed610b2769906fd3b48ef674bdaad71563af9372b4428460f77871f060dd27633c27bb1102e9fa94aef3a9fd8d55d6747e2cb5788e1c9aaf80dc65f2c5590f665a83ca5e72202943abf24c95ebc798c53ae77bede73
14,22:54:18,142.250.183.74,192.168.0.101,UDP,55d4a15d062167a72ce8cfa671498a8b36cb86f3412eda9062e0f7b1f4edae0c53377297f6a7ca797d2a61b8642c2f1bdd91adf2c27656f6893300b0b221162af66029b56a93de53876bf48169e3b0835f8f3f8591c384e667ff5f5f550f8a45cac832db
15,22:54:18,192.168.0.101,142.250.183.74,UDP,5fe69cac8e69ed268543efa523bbb54b95b4ea021ab27a53ac262150007b8dab9d7b21
16,22:54:18,142.250.183.74,192.168.0.101,UDP,5d58887924b47640e2ae21f6b3813c0f63d28510a26159a9
17,22:54:18,192.168.0.101,151.101.155.42,TCP,00
18,22:54:18,151.101.155.42,192.168.0.101,TCP,<no payload>
19,22:54:18,192.168.0.101,13.89.179.9,TCP,<no payload>
20,22:54:20,192.168.0.101,151.101.155.42,TCP,00
21,22:54:20,151.101.155.42,192.168.0.101,TCP,<no payload>
22,22:54:21,192.168.0.101,140.82.113.22,TCP,<no payload>
23,22:54:22,192.168.0.101,35.190.10.96,TCP,00
24,22:54:22,35.190.10.96,192.168.0.101,TCP,<no payload>
25,22:54:22,192.168.0.101,151.101.154.133,TCP,00
26,22:54:22,151.101.154.133,192.168.0.101,TCP,<no payload>
27,22:54:27,13.107.42.18,192.168.0.101,TCP,<no payload>
28,22:54:29,192.168.0.101,192.168.0.1,UDP,<no payload>
29,22:54:29,192.168.0.1,192.168.0.101,UDP,<no payload>
30,22:54:29,192.168.0.101,20.189.173.23,TCP,<no payload>
31,22:54:29,192.168.0.101,151.101.155.42,TCP,00
32,22:54:29,151.101.155.42,192.168.0.101,TCP,<no payload>
33,22:54:30,20.189.173.23,192.168.0.101,TCP,<no payload>
34,22:54:30,192.168.0.101,20.189.173.23,TCP,<no payload>
35,22:54:30,192.168.0.101,20.189.173.23,TCP,16030101c9010001c50303e82a1238ee0a3141b5e43ccaafd11d869df9e2f375e3c9a2bf863cdd5008f21b20a9a58ae7bad233b43dd8be1d09856ed9b409339c1428378d2812aeb98c014f40002813021301c02cc02bc030c02fc024c023c028c027c00a
36,22:54:30,192.168.0.1,224.0.0.1,Other,1164ee9b00000000
37,22:54:30,20.189.173.23,192.168.0.101,TCP,16030300bb020000b703037271bd5a398210d3c20dc9a25f059127c8fa07683b7f6a526f6d7878ed667b9120a9a58ae7bad233b43dd8be1d09856ed9b409339c1428378d2812aeb98c014f40130200006f002b00020304003300650018006104e9a72cdc
38,22:54:30,20.189.173.23,192.168.0.101,TCP,722cb037f7eb71ecbb9ffcd17acacd50ecbcc4be14deafa9893976428be6968e6681454187c6f3cd83616673568664262ce5f9cbded07e294b48f9378abd0df0bab7710b99b78d32605ed498c7e24fe3179bf36fed060b7b71cf392df50edfd29f66164d
39,22:54:30,20.189.173.23,192.168.0.101,TCP,459ab52fc0dd7014b784d8f5bd351a01984a12e964fa3dd20fc5ec048e240d37163e44acbd70b96f152bba37b8f3d08d417c3de67b411f806d19d3d48b8d34b0e7f8503e14b0f0d8d24a6e290ebbf96b7dfeffaf69489122b86afb37408200a548d09e91
40,22:54:30,20.189.173.23,192.168.0.101,TCP,15c88f1c3b36370900e7d3ee340d3427de2c8cc6a9e0bd688ea72eb7c8c66335e5f8f7838627ad959fc2636949c5bac48621beaa868de9ba0a102a80e2911da74a1dcd2f91fb401fe824cc965264ec37ecf55d55e6bc497d8f47a8000fcfb2e95a088767
41,22:54:30,192.168.0.101,20.189.173.23,TCP,<no payload>
42,22:54:30,20.189.173.23,192.168.0.101,TCP,20deec4ec5f0adfaa8411ca3f15b2130db4b60a016e3fcff703c5097cbc3683e364479f432b23e1dd351ab2aa06a84b359a11b3bb26aa0b9d5ec9d7127c3752dfa8c0c65b6dfdac00c1bf085e5c083ee9162b6a72a2b6a460b8e5c0084f26c0959e808d4
43,22:54:30,192.168.0.101,20.189.173.23,TCP,<no payload>
44,22:54:30,192.168.0.101,20.189.173.23,TCP,140303000101170303004556e7c644ebe88f7d12b1e0c4fc7bd5927548b0489407371b9b9c8fa7ac496a1450e748311d8b58c60501c054c00e01e9fab616dc8a230d093066006ccd39538289194ca9e2
45,22:54:30,192.168.0.101,20.189.173.23,TCP,17030303826546e650a2c9e634202c6ec3345c3cea3f780627200b33ca42fdc070dddf948e8bf36048bf47b880d4954df6687d7a0be7a9e31b199c094d67a74fcfbc90a60122bc88f998c5fef422636ca45223535151e19483b2611723a916bc67415c1c
46,22:54:30,20.189.173.23,192.168.0.101,TCP,<no payload>
47,22:54:30,20.189.173.23,192.168.0.101,TCP,1703030062d2215266ee7a683725013eec24ef5374d5f1512c32766c4b6ce43e4afd372ffcd4400af9271989a26195e2af07304f181939187aea4990113b836e3f3ed95d0881ac02ad8371cdae11e07d3053f18b7d3104bfbefa06255847efb7340fa314
48,22:54:30,192.168.0.101,20.189.173.23,TCP,<no payload>
49,22:54:30,20.189.173.23,192.168.0.101,TCP,17030302036f079dfa1c84063bf6a9cda374e8be991e39071712c86a33ce408fcf23b43947aadf5df54cce46fb37429dd73e458c42631f8aa0978dd80d2010a2cd773aae1d97a0c8a5c629e308968b93bbdb6f5cd54b1af311f2fab731e4e7307e22fee2
50,22:54:30,192.168.0.101,20.189.173.23,TCP,<no payload>
51,22:54:31,192.168.0.101,239.255.255.250,Other,1600fa04effffffa
52,22:54:31,192.168.0.101,140.82.113.22,TCP,<no payload>
53,22:54:31,192.168.0.101,151.101.155.42,TCP,00
54,22:54:31,151.101.155.42,192.168.0.101,TCP,<no payload>
55,22:54:32,192.168.0.101,224.0.0.252,Other,16000903e00000fc
56,22:54:32,192.168.0.101,224.0.0.251,Other,16000904e00000fb
57,22:54:34,192.168.0.101,4.213.25.240,TCP,00
58,22:54:34,4.213.25.240,192.168.0.101,TCP,<no payload>
59,22:54:34,192.168.0.101,20.189.173.23,TCP,17030303f408509332a1701def0108db653a6d0ee4c68d320037289cdb0c5a5ff5252626685b24f7da03f27eccce3a00cbf467b08663f420cd98ea618d69dba8c6fef12820829026efdce6e9382c34d6039b4864329d657c21f10dce9fef91ece13e7d5d
60,22:54:35,20.189.173.23,192.168.0.101,TCP,17030302059ed885186299737d171516f82857292bff788caf7d963b12c16c138068f51c60fa5352e85edc9bd968b2ecb448472c3113a02247943f290c543767a64a449109c18badfb3b2aa4532dad01be6544a477fba6ba50dfdd5fda594165fdf995d0
61,22:54:35,192.168.0.101,20.189.173.23,TCP,<no payload>
62,22:54:35,192.168.0.101,20.189.173.23,TCP,<no payload>
63,22:54:37,192.168.0.101,74.125.24.188,TCP,00
64,22:54:37,74.125.24.188,192.168.0.101,TCP,<no payload>
65,22:54:39,192.168.0.101,185.199.111.133,TCP,00
66,22:54:39,185.199.111.133,192.168.0.101,TCP,<no payload>
67,22:54:39,192.168.0.101,35.190.10.96,TCP,00
68,22:54:39,35.190.10.96,192.168.0.101,TCP,<no payload>
69,22:54:40,192.168.0.101,192.168.0.1,UDP,<no payload>
70,22:54:40,192.168.0.1,192.168.0.101,UDP,<no payload>
71,22:54:40,192.168.0.101,20.190.146.33,TCP,<no payload>
72,22:54:40,20.190.146.33,192.168.0.101,TCP,<no payload>
73,22:54:40,192.168.0.101,20.190.146.33,TCP,<no payload>
74,22:54:40,192.168.0.101,20.190.146.33,TCP,16030101d6010001d203037761497dca9334790b6ba2418ad77b24338342fcaaabefd64e00639d07a1226b2024fd5b6f7626bce92893fb1581cc868906115965a52dc818d286df867c128b9c002813021301c02cc02bc030c02fc024c023c028c027c00a
75,22:54:40,20.190.146.33,192.168.0.101,TCP,16030300bb020000b703036c0629648e3d043ddfe59177aac4935a5aa05a69e2555125e1ec12fa3db9d48f2024fd5b6f7626bce92893fb1581cc868906115965a52dc818d286df867c128b9c130200006f002b00020304003300650018006104bd934501
76,22:54:40,192.168.0.101,20.190.146.33,TCP,<no payload>
77,22:54:40,20.190.146.33,192.168.0.101,TCP,9fb374bc475aae1252ac2ef219a5ff6155652059ff2cd12ef7b4a70f45b271b083bf11c86961f4f3409c801c629cfe4ca09d08e86dc80281b1b36ac8ec284dea6e1df9572458a140b5d1c64cf2d779484a2017406d0182eb4ee93925b2ff1a45e69c8a3f
78,22:54:40,20.190.146.33,192.168.0.101,TCP,b69ddcf0e4a5c76db44b111e73f3cb651b42a45e4f867d342b5e77d99ab6867032d03410b29d14d5f49c5e60ffb87757e60d813535ddda053a44d6e7450707eb2e716b087ec445c0da657ce486b708a231ef6b80a800e5a3036812e7d2db4ace6d6cdf3e
79,22:54:40,192.168.0.101,20.190.146.33,TCP,<no payload>
80,22:54:40,192.168.0.101,20.190.146.33,TCP,1403030001011703030045493bd4170845b2f4a040aa0b0451aecb8fe8a6d84bf178309a017873a9a6cf8372a1a047018d0c4f90c4744f1ba9bcd352e8914cc49e7e86f91ce5a991d4a99cfdf1935dfa
81,22:54:40,192.168.0.101,20.190.146.33,TCP,170303004b8dbc5a5818a6bc6bd0251eefc095cd6d024146d25530bb617710e6107bccd884872af042492c7ff906c7f815f109ef36c4771a73faf11b82e6171a4fffc179590ad35ff9d3ccdaa2ad01f0
82,22:54:40,192.168.0.101,20.190.146.33,TCP,17030301cd06f1aeac23d4b57375e7e1402a823adfc8ee19ce849554234a81b472c3feaeb12f0fdbc641fdf3b67e79260f9f0687d21c94ce0e6cd5b37c0380e4d3e26ae323b148b95d0994acdcb3ef0ee9b99c167392a43183d6d220720f3fc3105dc7e6
83,22:54:40,192.168.0.101,20.190.146.33,TCP,1703030a7b97dcedfdcf5dc8daddf1d23b1649ea66ca7fb336fceebd00cefab4ee4b1949d399d61a26da39aeec41f8114e13cf5ea90d966bbe7e06b250fb2bcb37de7ee8555057566c71868e4976cca611b6036770cf6aa4b26cf77b002096e1aa8293e5
84,22:54:40,192.168.0.101,20.190.146.33,TCP,170303001a4cf98d32ae9abb64b42a58b25cb5b55174b816a65ded0117e9e9
85,22:54:40,20.190.146.33,192.168.0.101,TCP,<no payload>
86,22:54:40,20.190.146.33,192.168.0.101,TCP,<no payload>
87,22:54:40,20.190.146.33,192.168.0.101,TCP,<no payload>
88,22:54:40,20.190.146.33,192.168.0.101,TCP,170303006251389eb5446dedb2939bcfc7c7de591f5fc9b59faaf8215d713fbbabfff2ff7ec5aa08c0113d644f017c1eea9af9575f26a5e6cf89b93adf2759b0924c002c8e27e94310b1f77aecb28ecec2d2d1b11afd36fecd59a1835d035305f3633dda
89,22:54:40,20.190.146.33,192.168.0.101,TCP,17030300396f2c80675629eaf6d54b16b908dbbb15fd92e14ddc86ed99263dcbe13de56fbf9c66de97ec03f4b3ed5e45b86fb83104d4518aac1c58ef659d
90,22:54:40,192.168.0.101,20.190.146.33,TCP,<no payload>
91,22:54:40,192.168.0.101,20.190.146.33,TCP,170303001a14246e3f75938b8a07344913199dc18b2bae626c44313bdcd717
92,22:54:40,20.190.146.33,192.168.0.101,TCP,170303001a6089b5c6bcee5d4e15f5d9ed8ce0ea1adf3e70f87242f3590f78
93,22:54:40,192.168.0.101,20.190.146.33,TCP,<no payload>
94,22:54:40,20.190.146.33,192.168.0.101,TCP,<no payload>
95,22:54:40,20.190.146.33,192.168.0.101,TCP,1703032203c1cb599af899c1eea6925ce7eb187a3717e97339d301b18b5b057f64c76cf072ebd9724bdb8f9f2db8dbc0c3999cb29d641088b3d8848e7c2259e287f4a6e5cf7a603724b479ffddb212681dd9e3b3a4c49096fd647b1ac60ae029259d82be
96,22:54:40,192.168.0.101,20.190.146.33,TCP,<no payload>
97,22:54:40,20.190.146.33,192.168.0.101,TCP,5e66861b25c9ab336b93b614110d2c57d39b7f3e1ac6ca7656b1a8f0c29929641e124a1f2a68d63be7f8e1d198a1c28c0ca6833b47ef454b38eb964600348749f1672720f15b4a6b6ce71ec09dad97b8bb206d945988552eeb28c37551c16cb8357ed221
98,22:54:40,20.190.146.33,192.168.0.101,TCP,e8b55982061702b3921c9b0079e49990d387732de0e9ee5de36755d0dfc89f08133d7317a6feda34874f46cdd3581bfb27223544b528e396322de35a9d9b206239a765a37129ff6c5bfae6ceeeb54ee0a7796522c16df55e59f2968f4843d2a56a6497e0
99,22:54:40,192.168.0.101,20.190.146.33,TCP,<no payload>
100,22:54:40,20.190.146.33,192.168.0.101,TCP,f3778b3f88379a12643fd56dd1950f94c77a83da90aa1b0d4d4fdb44e44609a411353823ae629b76a724d69e0211e22d9ae4db2508a44abd390bf7ecdfeab7a8856cc6d4b530388dd0066fdcf5ec2e54e28e854ae74a9ace87c13aa0973d9cbb87cc40da
101,22:54:40,20.190.146.33,192.168.0.101,TCP,c99bed7d82bc89c1679aad779b95aa254dc1da7cb48e62f4b716026d5809cfc7c1eff293e3c4a64359e672ef943339899e932307d352cf48d0d69536753105910f6fdaaa0384de35a72dde7cbd3d9b67f2b49eab02cf2e13c3f3005b1db0ff8fc1d0fae4
102,22:54:40,20.190.146.33,192.168.0.101,TCP,5678fcec9387df701531ac33d2cfb79aa07276a011f287f514af49db503d4dd45dbc21c149d3eb439b32ffa0f39075ab0fb7a7f6bacb8f9b35b35ee683cc197b28d05c587fa310c4b13e496e0113bf922267173ba9dbdd1e1e86facb21fe41c145a77bd6
103,22:54:40,192.168.0.101,20.190.146.33,TCP,<no payload>
104,22:54:40,192.168.0.101,20.190.146.33,TCP,<no payload>
105,22:54:40,192.168.0.101,192.168.0.1,UDP,<no payload>
106,22:54:40,192.168.0.1,192.168.0.101,UDP,<no payload>
107,22:54:40,192.168.0.101,13.107.246.48,TCP,<no payload>
108,22:54:40,13.107.246.48,192.168.0.101,TCP,<no payload>
109,22:54:40,192.168.0.101,13.107.246.48,TCP,<no payload>
110,22:54:40,192.168.0.101,13.107.246.48,TCP,16030101d5010001d103030a98fc75cd37a9bf6765e99242a9e01a1328552d5b15529cda05f85689d5d93d2029affb58689acf2e31433992075ab08f1508bd1768de612a759ff61b2c64850d002813021301c02cc02bc030c02fc024c023c028c027c00a
111,22:54:40,13.107.246.48,192.168.0.101,TCP,<no payload>
112,22:54:40,13.107.246.48,192.168.0.101,TCP,160303009b0200009703034c5c6a2f12042f4de89974d887ebfcbc50ae67440b51511078db96c316ba41b42029affb58689acf2e31433992075ab08f1508bd1768de612a759ff61b2c64850d130200004f002b0002030400330045001700410415caf68e
113,22:54:40,13.107.246.48,192.168.0.101,TCP,eff673df3e7517a508e0bcfcbb8a5cec430c73cbe3ef39aba2d4909c6d213699145887d82d4a08086d59f6f5e9a3248d9ab8ab4b69dfae8ea27f574542a52430817062144251961e97c800df3bc092d772486583ae3f6b40c9a1c1c6d7e9a380f41a797c
114,22:54:40,13.107.246.48,192.168.0.101,TCP,3021f3596d4d88a6ebf46ad7a3378104622557f62d4fa2451a4cdada41f5810b1c3542910ded2ce1a97c412ab8bb508273285eaf66be475d1ef888939c9788cb1fb2b97dd161022238475203c36439ceeeac0cf539528f5794d4093883b17af61d9bf0c2
115,22:54:40,192.168.0.101,13.107.246.48,TCP,<no payload>
116,22:54:40,13.107.246.48,192.168.0.101,TCP,7520a8b786b6403f7a569ebac24b43d1a2a5be21ec84788c8cb896b8497b65dbabee06d98b1be46b9d2149c4e8813405c6e8ef42bd47300efc3a4b042f5d323e5ab5809a9b9fbc9ccb5de5d0c02ab5db72a006b52c909d299f3aaa1bdc5deec7f9799f8e
117,22:54:40,13.107.246.48,192.168.0.101,TCP,79229b9ef025a8b711e93268e29d02cd64cf333dc7f771550331a7b3b97877ad9c3d0049ee7b691cb7904bce87059bbb88af492bb9e8f9c37ba2c37ecc1e25b77473096a262dbebade6fa2a33455be3246d8dd7a276b5a9870802dd5dfd8cadbb986363b
118,22:54:40,13.107.246.48,192.168.0.101,TCP,0febd0f7aea8c6152ebd472df106b1e613904b1399d928718dc5019d34cde7d95de8e1ac6fe0331e8b1fd71c35de5e794309d5bc3d760fcb78e9529e710e8c8d314a60ac92501960b1e8b0b82156f90d22ee38c6c02a590f65751f5ddc013ff41b10c577
119,22:54:40,192.168.0.101,13.107.246.48,TCP,<no payload>
120,22:54:40,192.168.0.101,13.107.246.48,TCP,14030300010117030300450ae6a7603fc823eea79da0611c754131fcd7442c3ca9be76b6c85b1c97152cb0419a7e23fd007ec8d2431a97d4dbc5953653e330e144cd7eea81ff9542c555c3877b111ef8
121,22:54:40,192.168.0.101,13.107.246.48,TCP,170303004b041c0ca07ab200ee35e70d92afa58d3292b54d5b24248dbf0a020c2cdb82f026731f6193933bfe78358da43d1bcb14bb87a4239efc89e4f2caffda62905ad85a75be0f6c117d96d1c74359
122,22:54:40,192.168.0.101,20.190.146.33,TCP,<no payload>
123,22:54:40,192.168.0.101,13.107.246.48,TCP,1703030ac315b8bacafe7ff8d3fbe01858c79b597f8efc92337c9d5558ad3af8adb00873789ebfc46d3a5dd0e1b6ec1625045ef2ff729efaa3d00e60202899d32f90e82910432ed674be5f70d2530db3a0364d282e8fbe9b2b987c5ab3fe05868c118b0a
124,22:54:40,192.168.0.101,13.107.246.48,TCP,1703030c46c3df44c5cb702d7f39e6df4cdfd40209ddd0402acc3a1b2e45b6a01d46ef4e1d3763f8ca28bbbb44fa1d0cd2aeb8107a8099c8a25e14e699ba1bcbe91279229f944a202e07f7297ad154e377935d06ae90003d9212c0e794ec4f509f230d8e
125,22:54:40,13.107.246.48,192.168.0.101,TCP,170303012afba1a5e7cf4888010b0637700d9a82f411a5dcc271820fdb93bc94464b7408c40cbc0046a35bea89ab8523ef841be213cbf6ebfcace56d4d60964d7fb835e9dc6df4a89088f63a26a11c0b51c419f8fe97359318f632b9fe8261e58f3c5132
126,22:54:40,13.107.246.48,192.168.0.101,TCP,170303012a643b26af5a3f5f35983edbf617e16a4c89cc2196a8d765157ce9211052795846b2ca7aaa1b0040c9a586b51db1d7a92c3d1a2acb4295bb3bba4f34a88f6be4230fdb7d0755afc4653bd9560f5ba99caf7785a94539905250ea6a1fd7ebff1e
127,22:54:40,13.107.246.48,192.168.0.101,TCP,1703030042cdb484179bc644eccb0ab666bc9caf9e3f19857f4aa7830cc51b3009a20987633429bb47359a2c2e39bdb981297e07347d59c283ad578c9d2775ba1e969d76a21271
128,22:54:40,192.168.0.101,13.107.246.48,TCP,<no payload>
129,22:54:40,192.168.0.101,13.107.246.48,TCP,170303001a1ee18b6a99ea97eb9af8a898b771482a5974da665a976b608bd4
130,22:54:40,13.107.246.48,192.168.0.101,TCP,<no payload>
131,22:54:40,13.107.246.48,192.168.0.101,TCP,<no payload>
132,22:54:40,13.107.246.48,192.168.0.101,TCP,170303001eb7b6d53ed09d3dc22278214551814ad07b642ccd3ae010d91f19f245fbc3
133,22:54:40,192.168.0.101,13.107.246.48,TCP,<no payload>
134,22:54:41,192.168.0.101,192.168.0.1,UDP,<no payload>
135,22:54:41,192.168.0.1,192.168.0.101,UDP,<no payload>
136,22:54:41,192.168.0.101,20.24.125.47,TCP,<no payload>
137,22:54:41,20.24.125.47,192.168.0.101,TCP,<no payload>
138,22:54:41,192.168.0.101,20.24.125.47,TCP,<no payload>
139,22:54:41,192.168.0.101,20.24.125.47,TCP,16030101d6010001d20303da2631a5901359d80600ad5bc90962cbea3e14cb34f6cf796691d8902262312620c5327d40afe0fa22bdc5e72cd9ce2948162aa392a779cf430e1865a5124218aa002813021301c02cc02bc030c02fc024c023c028c027c00a
140,22:54:41,20.24.125.47,192.168.0.101,TCP,726573742e6d6f6470696d2e636f6d821661726370726f78792e6d6963726f736f66742e636f6d82106172632d776573742e6d736e2e636f6d82106172632d656173742e6d736e2e636f6d82106172632d656d65612e6d736e2e636f6d82106172632d61
141,22:54:41,20.24.125.47,192.168.0.101,TCP,4f1715f3d2085e612bb52b23f045aeeeb74401562760c15bb2dab090854d128cf838833cda19fe379a79ef390718fa20cc5e9338f45438af3263208f7aa9c7be85691396f49192f8413f1b7728524506d4b1489268eb85e72dde67d55cf766da0e4858ec
142,22:54:41,20.24.125.47,192.168.0.101,TCP,3760b192c1a9997d48e45f87090b01ff892cd1b82e32f1848afdb22a99d34e2c7727a771d2b4b8a7fb4def27e67921448a4900987881e568d41da393d724cac5e8d79bcf458ba7c6276154c2caacc4cdc0991e9a69e46d9c30077f608506316d74eed454
143,22:54:41,192.168.0.101,20.24.125.47,TCP,<no payload>
144,22:54:41,20.24.125.47,192.168.0.101,TCP,16030318500200005e030368222edb72f0287d3ef3f80eb53576d7aadffd741642a111bded6eaa0b169d97207227000087a3ea4064f0b8dbfaa8e9dd7cf8495f5e1e9c2be8019a5963f4cf32c0300000160005000000100005000302683200170000ff01
145,22:54:41,20.24.125.47,192.168.0.101,TCP,83cd3c4a210c243ec7ddd514bd986455ecb7b63e958ccb40ec9cafc9837bb818027becab71333ca6e592f30c42a9a473f9eecec00c00016903001861043c44886c64c1d37628c0918a863894b61ca13159f4ef53fda6fc34996c26c135cef7768fd3e47e
146,22:54:41,192.168.0.101,20.24.125.47,TCP,<no payload>
147,22:54:41,192.168.0.101,20.24.125.47,TCP,<no payload>
148,22:54:41,20.24.125.47,192.168.0.101,TCP,16030318500200005e030368222edb72f0287d3ef3f80eb53576d7aadffd741642a111bded6eaa0b169d97207227000087a3ea4064f0b8dbfaa8e9dd7cf8495f5e1e9c2be8019a5963f4cf32c0300000160005000000100005000302683200170000ff01
149,22:54:41,192.168.0.101,20.24.125.47,TCP,<no payload>
150,22:54:41,13.107.246.48,192.168.0.101,TCP,170303010679ba0bb9e98cf41629c3ce7ed292bfae88cb1c0b355cc99e926ee835e6ad413ca4c0e530263feda43669b52e28f22e8ec135991d4e8f82a0dc8eb8b918683ef723c043c644a0a92c043b8ad8cec8f4aef4e82863d8e7cdc5453c8bc96067cc
151,22:54:41,192.168.0.101,13.107.246.48,TCP,<no payload>
152,22:54:41,192.168.0.101,13.107.246.48,TCP,17030300670fbf383e6f53b201315117830fc4d635567fbaeb148c8035e4cb3041224845077c80833c3abc8bcbbefd950b941feea536d9dbbc3155560b3d87dbb0bdb8baa6837f360881e7162c887498fc85a36f07064ca04ffc44457cb42a21324f0a02
153,22:54:41,13.107.246.48,192.168.0.101,TCP,<no payload>
154,22:54:42,13.107.246.48,192.168.0.101,TCP,1703030ab0a2d025848e2dee8aa119f23342f25d06b700fc2a8c6dec7fce5f4ca3f9c9fad18fa3e7b4562fcb3548f65401de1a9ec9eac5f0a5bacbe8212ae4cf36f2d5a1f64c274703ec905cc19181232195892c290d9d642ec281bea917808a57c286e9
155,22:54:42,13.107.246.48,192.168.0.101,TCP,9e619a636d199dce0264615bf1f0c38572f432b30d88325c405897f8c10d857f5f21c5f9a0b4fd960c661b987dbac010a9ccac83dcc3da2a93de228fe4a0c1a1dbe323ef6810532efa6a691b159118ae60d226bf7379c289bf15f72b7c915ecbe39789a0
156,22:54:42,13.107.246.48,192.168.0.101,TCP,170303001a53a2d2dc3f1acf00af504250b1ebc7c76f8e9158e16043adab52
157,22:54:42,192.168.0.101,13.107.246.48,TCP,<no payload>
158,22:54:42,192.168.0.101,20.24.125.47,TCP,1603030066100000626104a9b7f3deda09681ee6735b24160984492120be0e55bbb496cf4e06e4e17076aecdd5be1bfe190b61442bde7871b8028ef5cca8a11d4db5bc7e6e00b46281651792c7a4fd51a38b2704edd33649edc355ec3bd8a8ef1f8c2e93
159,22:54:42,192.168.0.101,20.24.125.47,TCP,17030300520000000000000001e20a2ec143a6c4fde350acb680fd5aec5e0008f7dd8b0bfe276f30a5ba96fbf98378328dd74a0554328d59c81a99978d1d59a83b3cf6991255ed438187ae130239c74c5ee2a00ca3fa5c
160,22:54:42,20.24.125.47,192.168.0.101,TCP,<no payload>
161,22:54:42,20.24.125.47,192.168.0.101,TCP,14030300010116030300280000000000000000b4af67a0c609ded90eb1379cf1f86c1f3d853b203bf5c43589d6dce5c8a16fdc
162,22:54:42,20.24.125.47,192.168.0.101,TCP,1703030040000000000000000138ea9663ddc8089f5ec628bcaea3749d44889e842b9b4f6e1de525d8837f9017d2af5a00d53fec83d98aa5890a6e2e29ba880f0ac7a87855
163,22:54:42,192.168.0.101,20.24.125.47,TCP,<no payload>
164,22:54:42,192.168.0.101,20.24.125.47,TCP,170303133a000000000000000207d61166c8fb9acebc625d72b666f4479cfe639fddb96d00aa070e3a6c775a4be54e057ed33aacbd6aa0dfe1b01364268772e0857340fb28455b287b2ff728022ba3b280904a25d26555a0e65f34c1445f18e54b11e6dc
165,22:54:42,192.168.0.101,20.24.125.47,TCP,17030300210000000000000003a7822750ac8b181f1c2a1caafade64a8d280efe9c81e5697f4
166,22:54:43,20.24.125.47,192.168.0.101,TCP,170303002100000000000000029dc3a900e5b3a85019fa67feb2fde4f119a0fa0ac1b5754e53
167,22:54:43,192.168.0.101,20.24.125.47,TCP,<no payload>
168,22:54:43,20.24.125.47,192.168.0.101,TCP,<no payload>
169,22:54:43,20.24.125.47,192.168.0.101,TCP,<no payload>
170,22:54:43,20.24.125.47,192.168.0.101,TCP,18ad700f93cbd483c4292f52694bbd97e078406252fedf4af235fe61803a083adce3d3cc63794014d0886577befc7465147eb9081ff1f31cf460b55c038c88ad1998363a22624329dc54376b74f89b74e8576dbba56377b6b3bbece0f04aa7a7d33d14e8
171,22:54:43,20.24.125.47,192.168.0.101,TCP,3d5a4740ab624fdd32e08afc4f3dc7cfee591eda033b3f3d8dcc4a21756c1dd7d2f44d2efebeb3c24906f1ec75085bba0c736d9c7c7da68af1be75a2856ff69ddd9e43e891400bcb1a2d8ba1d68eb87165c9379e4dd1b1c5a326ff5b4bde0c7f6a5b999e
172,22:54:43,20.24.125.47,192.168.0.101,TCP,17030300210000000000000004a1d12716c598d2434e26039bb8b92e19b97f2767209bb3f96e
173,22:54:43,20.24.125.47,192.168.0.101,TCP,1703030dc400000000000000031fe0cf520557f9da31a6a3a0b85cc6af93865d01a944c30de089bea10a4e9136a91218f3b7184382c35abf1fcc529b2e500344b0bc7594a2334bd7f138e0a33d956b31738075166fae58e8536dac9de753d8e0538d4487
174,22:54:43,192.168.0.101,20.24.125.47,TCP,<no payload>
175,22:54:43,192.168.0.101,20.24.125.47,TCP,<no payload>
176,22:54:43,192.168.0.101,20.24.125.47,TCP,<no payload>
177,22:54:43,192.168.0.101,20.24.125.47,TCP,<no payload>
178,22:54:43,20.24.125.47,192.168.0.101,TCP,1703030dc400000000000000031fe0cf520557f9da31a6a3a0b85cc6af93865d01a944c30de089bea10a4e9136a91218f3b7184382c35abf1fcc529b2e500344b0bc7594a2334bd7f138e0a33d956b31738075166fae58e8536dac9de753d8e0538d4487
179,22:54:43,192.168.0.101,20.24.125.47,TCP,<no payload>
180,22:54:43,192.168.0.101,192.168.0.1,UDP,<no payload>
181,22:54:43,192.168.0.1,192.168.0.101,UDP,<no payload>
182,22:54:43,192.168.0.101,20.42.73.30,TCP,<no payload>
183,22:54:43,20.42.73.30,192.168.0.101,TCP,<no payload>
184,22:54:43,192.168.0.101,20.42.73.30,TCP,<no payload>
185,22:54:44,192.168.0.101,20.42.73.30,TCP,16030101c9010001c50303dcde86a5b68fe1ce1a159293762253a873a0f5d1df8456c00cfd82bfefb30d2320b027528d6e4c1c4368056e59a3ad305cd2c9026a715e78dab52c338736912f58002813021301c02cc02bc030c02fc024c023c028c027c00a
186,22:54:44,20.42.73.30,192.168.0.101,TCP,16030300bb020000b70303f586fdc4a60ac45236e41775f913202e404dca0f40960323f8616a3ddc20fe7d20b027528d6e4c1c4368056e59a3ad305cd2c9026a715e78dab52c338736912f58130200006f002b000203040033006500180061049cdc8d85
187,22:54:44,20.42.73.30,192.168.0.101,TCP,155c81aac0cc8b19284259cfda273a9b1eaadaff20c9fcf6318764e18e528272d6bb4017140c1dc244821ab4ac8a0489ce39dee302d91eba4e4c091685b55de28e4504b6293a0987bf6c661879576f68ccb06acaf627c5bf1712d63067c71eeef16accbc
188,22:54:44,192.168.0.101,20.42.73.30,TCP,<no payload>
189,22:54:44,20.42.73.30,192.168.0.101,TCP,8dace9b1de3b89436435e8d14da4ccdad8c236b645882125589df28a2508184b71c5ae1632a94e4b6c035bc5498c8edef98716bd378c31959149dc06b189303bc9c6c425553a14d9f8aea1fef103723694f48c722cce1814c35b8616d9c0b46a3f65236b
190,22:54:44,20.42.73.30,192.168.0.101,TCP,6b24c1197e26c6cdf72146be3d209fee154651a885a5886ac012f6dfc41e63ded419a17ff8979d45615a6edecbc18b1c01f415b6ffb7ca4bb6aa2827dad2ba70a36f4c164c4ae747e7c4c2741d59e2657e7a6d36bdb5d3ac951aab601fa785b26976abc5
191,22:54:44,20.42.73.30,192.168.0.101,TCP,5dbf7b104447b2d706af98bb97546f5ed85877cec9e83644e4c24b706699aad4639417c9f0704b058ef1ad2e1599dec13f47c65df82a7c130fdc535c5019944379e97cdfc0a95f484bcfbcde180677b44f94d70c33ac2ed5bc01ae7c2a9fce9c6f5247e8
192,22:54:44,192.168.0.101,20.42.73.30,TCP,<no payload>
193,22:54:44,192.168.0.101,20.42.73.30,TCP,1403030001011703030045f025c2524c38c0a82fa83d094394c7bf15f9df34050c43236310c1470e46663635fd56832d85139804f72e6904331450a209dbff9cf7bd1c6b1cdcaf463c9fd645a80d9542
194,22:54:44,192.168.0.101,20.42.73.30,TCP,1703030382a83d4b6c05b835c7453cff7a276e7261be0b744752476bdffe37b9dd5601dfe251ef077c4f4aceaafb03316956d5473383299b6327d5c2a8b9362bb91dde273160984fc9e39366d8f3b8f09fcfc2d0556e18ba38c345696a67b06ac3d478fe
195,22:54:44,20.42.73.30,192.168.0.101,TCP,<no payload>
196,22:54:44,20.42.73.30,192.168.0.101,TCP,17030300629f736d6868b2fcc0b3a5086e1da56654d66186b562b72d99d3daebf0b6200a992beb4aa2ae33d6849226d812287110ee34657c0e342da63c15f8c473bd42a3c1073d5c779b6433658bd98844bf2ea9c22c88913038e3391e9664825abad789
197,22:54:44,192.168.0.101,20.42.73.30,TCP,<no payload>
198,22:54:44,20.42.73.30,192.168.0.101,TCP,17030301b9471b5caf8d7dae81425bfb3223cc682b7c3b35d01ec0f25dd564db8ba721eb7b63c5e597ffc81f8553c1483e7a98361a3e1d71a48fa164e64068d11e5df9372c82188239659e9176e059476ee4957bf863a6fb6151c63f7f34f6ea10034d37
199,22:54:44,192.168.0.101,20.42.73.30,TCP,<no payload>
